"TIEMPO, HRS",LECTURA CABEZA,,"TIEMPOS, HRS",LECTURA LINEA,,,,,"INTER TIME, HRS",INTER LECTURA CABEZA,INTER LECTURA LINEA,,"GASTO, MMPCD",,PRESIÓN CABEZA,PRESIÓN LINEA,Delta P
0.315169078,6.967937667,,0.012620792,8.532719094,,,,,0.315169078,6.967937667,8.560254721,,0.658553152,,971.0431067,732.779609,238.2634977
0.451107138,6.961057517,,0.071522211,8.54558121,,,,,0.451107138,6.961057517,8.553887615,,0.656829017,,969.1264352,731.6899333,237.436502
0.575866316,6.96006257,,0.130192432,8.558545049,,,,,0.575866316,6.96006257,8.556310796,,0.655898213,,968.8494196,732.1045444,236.7448751
0.632689267,6.960394601,,0.200360225,8.557624963,,,,,0.632689267,6.960394601,8.553186365,,0.656680843,,968.94186,731.5699699,237.3718901
0.700133241,6.964533603,,0.26201241,8.556271716,,,,,0.700133241,6.964533603,8.549460923,,0.659251892,,970.0945662,730.9328208,239.1617454
0.760681861,6.947341176,,0.322798392,8.560826383,,,,,0.760681861,6.947341176,8.547604491,,0.652087412,,965.3109884,730.6154254,234.695563
0.817120958,6.953988146,,0.387291972,8.549777973,,,,,0.817120958,6.953988146,8.565181538,,0.651404664,,967.1590226,733.6233478,233.5356749
0.888044305,6.94729596,,0.448050978,8.554344509,,,,,0.888044305,6.94729596,8.551132484,,0.651344757,,965.2984232,731.2186676,234.0797556
0.944351894,6.953968046,,0.512605873,8.544693594,,,,,0.944351894,6.953968046,8.554791083,,0.65352996,,967.1534316,731.8445047,235.3089269
1.010776232,6.966901602,,0.572233326,8.556510558,,,,,1.010776232,6.966901602,8.559420289,,0.658268106,,970.7543586,732.6367568,238.1176018
1.075652065,6.943949948,,0.635956137,8.553006734,,,,,1.075652065,6.943949948,8.557029319,,0.648657361,,964.3688176,732.2275077,232.1413099
1.136108067,6.938919586,,0.699747498,8.54947275,,,,,1.136108067,6.938919586,8.567852048,,0.644187267,,962.9721005,734.0808871,228.8912133
1.196659142,6.933871067,,0.763378289,8.547521818,,,,,1.196659142,6.933871067,8.559033448,,0.643788609,,961.5713594,732.5705357,229.0008237
1.262024447,6.95444393,,0.821461513,8.566607835,,,,,1.262024447,6.95444393,8.557321169,,0.653221078,,967.2858075,732.2774559,235.0083516
1.322004885,6.956138927,,0.881249881,8.550691715,,,,,1.322004885,6.956138927,8.561687126,,0.653071683,,967.7573754,733.0248644,234.7325111
1.387466487,6.940278489,,0.943908508,8.55475652,,,,,1.387466487,6.940278489,8.560162321,,0.646388014,,963.34931,732.7637897,230.5855204
1.447546375,6.941954492,,1.006380049,8.559626222,,,,,1.447546375,6.941954492,8.564591096,,0.646210086,,963.8146435,733.5222064,230.2924371
1.513362687,6.927497745,,1.072913371,8.556509554,,,,,1.513362687,6.927497745,8.562836108,,0.640169897,,959.8045002,733.2216222,226.5828781
1.573007449,6.935835073,,1.134203301,8.56814151,,,,,1.573007449,6.935835073,8.55506649,,0.645480876,,962.1161633,731.8916265,230.2245368
1.632497298,6.944201988,,1.193533537,8.55912526,,,,,1.632497298,6.944201988,8.566848247,,0.646735715,,964.4388249,733.9088889,230.529936
1.698138876,6.935524645,,1.259990848,8.557173144,,,,,1.698138876,6.935524645,8.558596836,,0.644611005,,962.0300421,732.495798,229.5342441
1.741754487,6.952499205,,1.325470726,8.561939403,,,,,1.741754487,6.952499205,8.568095659,,0.650145808,,966.7449039,734.1226322,232.6222717
1.822922182,7.127711845,,1.383988122,8.559905914,,,,,1.822922182,7.127711845,8.571464559,,0.725466215,,1016.085523,734.7000469,281.3854759
1.88826125,7.17180746,,1.449350081,8.564724056,,,,,1.88826125,7.17180746,8.563460922,,0.745654258,,1028.696445,733.3286297,295.3678151
1.952576898,7.216189826,,1.507749017,8.563620844,,,,,1.952576898,7.216189826,8.581534125,,0.761170238,,1041.467912,736.4272794,305.0406328
2.014850776,7.217098191,,1.571325776,8.554733441,,,,,2.014850776,7.217098191,8.578140735,,0.762154548,,1041.730126,735.8449848,305.8851412
2.076630109,7.245501411,,1.635354074,8.567414022,,,,,2.076630109,7.245501411,8.575035363,,0.774645254,,1049.945814,735.3123147,314.6334993
2.130192906,7.26479436,,1.699067712,8.558466395,,,,,2.130192906,7.26479436,8.580363427,,0.781813374,,1055.544742,736.2263654,319.3183765
2.198259633,7.303201783,,1.762594755,8.572796797,,,,,2.198259633,7.303201783,8.565125117,,0.800441315,,1066.735126,733.6136828,333.1214428
2.265372682,7.322388617,,1.825283352,8.571412417,,,,,2.265372682,7.322388617,8.548072497,,0.811231741,,1072.347501,730.6954341,341.652067
2.322294145,7.207000096,,1.881941607,8.561359482,,,,,2.322294145,7.207000096,8.508526658,,0.770035528,,1038.817008,723.9502588,314.8667488
2.387108126,7.126702062,,1.944015594,8.582000642,,,,,2.387108126,7.126702062,8.509274365,,0.736363284,,1015.797646,724.0775022,291.7201434
2.449701898,7.115253287,,2.07493447,8.574866692,,,,,2.449701898,7.115253287,8.50999646,,0.731419405,,1012.536587,724.2003974,288.3361894
2.513014532,7.078983895,,2.13647348,8.580988176,,,,,2.513014532,7.078983895,8.510726847,,0.715974834,,1002.24026,724.3247147,277.9155452
2.575199574,7.072649601,,2.199489543,8.564809349,,,,,2.575199574,7.072649601,8.511444227,,0.713158632,,1000.447448,724.4468282,276.0006193
2.63836844,7.039412905,,2.262603479,8.55001281,,,,,2.63836844,7.039412905,8.512135984,,0.698895367,,991.066681,724.56459,266.5020909
2.702186431,7.006052237,,2.321820083,8.508521189,,,,,2.702186431,7.006052237,8.511844585,,0.68467595,,981.6953589,724.5149825,257.1803764
2.759362784,6.960946354,,2.637433993,8.512162176,,,,,2.759362784,6.960946354,8.542396407,,0.659111112,,969.095483,729.7253638,239.3701192
2.824033429,6.934547641,,2.699523817,8.510421835,,,,,2.824033429,6.934547641,8.583948109,,0.638861941,,961.7590197,736.8416514,224.9173682
2.887315531,6.934980808,,2.762424051,8.544032176,,,,,2.887315531,6.934980808,8.595612998,,0.63657854,,961.8791762,738.8456282,223.033548
2.948416614,6.962397207,,2.823779508,8.583901303,,,,,2.948416614,6.962397207,8.606875857,,0.64644629,,969.4994974,740.7831202,228.7163772
3.013101135,7.032010231,,2.948444437,8.606880986,,,,,3.013101135,7.032010231,8.606005066,,0.677418399,,988.9833578,740.6332319,248.350126
3.074881645,7.039653554,,3.071318508,8.605216381,,,,,3.074881645,7.039653554,8.605938887,,0.680781977,,991.1344431,740.6218413,250.5126018
3.139421236,7.020464821,,3.13039032,8.617194524,,,,,3.139421236,7.020464821,8.616038711,,0.670307856,,985.7385262,742.3612306,243.3772956
3.204100855,7.069442433,,3.19338979,8.609131598,,,,,3.204100855,7.069442433,8.609378679,,0.693111239,,999.5403264,741.2140123,258.326314
3.262662928,7.037230635,,3.322385495,8.612107243,,,,,3.262662928,7.037230635,8.610729576,,0.678759246,,990.4523002,741.4466383,249.0056619
3.329340381,7.067029603,,3.384695746,8.610785982,,,,,3.329340381,7.067029603,8.611959768,,0.691550887,,998.8581481,741.6585104,257.1996377
3.384211116,7.066581938,,3.447033255,8.609455782,,,,,3.384211116,7.066581938,8.610796258,,0.691585196,,998.7316056,741.458122,257.2734836
3.454176312,7.069822105,,3.570737008,8.614517083,,,,,3.454176312,7.069822105,8.609748038,,0.693203988,,999.6476918,741.2776128,258.370079
3.578225572,7.081585136,,3.632094351,8.619942116,,,,,3.578225572,7.081585136,8.615179199,,0.697260274,,1002.976961,742.2131264,260.7638343
3.64229591,7.076913196,,3.699021839,8.605766287,,,,,3.64229591,7.076913196,8.617781336,,0.694713853,,1001.654008,742.6615516,258.9924561
3.696520392,7.082718212,,3.820523565,8.624406914,,,,,3.696520392,7.082718212,8.606296115,,0.69948794,,1003.297945,740.6833283,262.6146172
3.760584919,7.079240455,,3.886780878,8.617379978,,,,,3.760584919,7.079240455,8.61521121,,0.696233119,,1002.312908,742.2186419,260.0942666
3.828729233,7.09834614,,3.946789561,8.62957169,,,,,3.828729233,7.09834614,8.62353666,,0.702919315,,1007.730358,743.6538453,264.0765131
3.887885949,7.084417818,,4.010960319,8.610886652,,,,,3.887885949,7.084417818,8.617604491,,0.698018245,,1003.779516,742.6310716,261.1484449
3.951460994,7.087020913,,4.068032561,8.616528648,,,,,3.951460994,7.087020913,8.628211477,,0.697069783,,1004.517309,744.460333,260.0569756
4.073982498,7.084080867,,4.135348359,8.629721394,,,,,4.073982498,7.084080867,8.617694734,,0.697853867,,1003.684035,742.6466253,261.0374094
4.133222831,7.076802115,,4.199197078,8.616649874,,,,,4.133222831,7.076802115,8.629304826,,0.692388707,,1001.622563,744.6490179,256.9735456
4.203091826,7.061169695,,4.255957251,8.623018543,,,,,4.203091826,7.061169695,8.617086877,,0.687976109,,997.2023492,742.5418625,254.6604867
4.265890488,7.072827709,,4.320508131,8.630191199,,,,,4.265890488,7.072827709,8.624122288,,0.691677848,,1000.497836,743.7548524,256.7429837
4.324938037,7.072234034,,4.384906927,8.637413725,,,,,4.324938037,7.072234034,8.630688027,,0.69011415,,1000.329885,744.8877582,255.4421265
4.391672947,7.046825481,,4.449152595,8.644686462,,,,,4.391672947,7.046825481,8.638179652,,0.677433802,,993.1549872,746.181477,246.9735102
4.45376557,7.063852681,,4.512200255,8.639780402,,,,,4.45376557,7.063852681,8.644327503,,0.683697994,,997.9602939,747.2439798,250.7163141
4.512814833,7.064699903,,4.574602111,8.640362586,,,,,4.512814833,7.064699903,8.639786135,,0.684986156,,998.1996944,746.4590447,251.7406497
4.571455685,7.070786412,,4.63699204,8.640948681,,,,,4.571455685,7.070786412,8.640333231,,0.687552415,,999.9204097,746.5535834,253.3668263
4.640779683,7.07088984,,4.699369924,8.641538726,,,,,4.640779683,7.07088984,8.640984509,,0.687467293,,999.9496626,746.6661328,253.2835298
4.697148252,7.058910405,,4.761576509,8.643402246,,,,,4.697148252,7.058910405,8.64151771,,0.682087706,,996.5643222,746.7582834,249.8060388
4.764570166,7.042510288,,4.823003999,8.650772436,,,,,4.764570166,7.042510288,8.643761431,,0.674387809,,991.939023,747.1461168,244.7929062
4.82267469,7.055227716,,4.884264228,8.644215677,,,,,4.82267469,7.055227716,8.650732925,,0.678591203,,995.5247626,748.3518014,247.1729612
4.889936699,7.044753662,,4.945534858,8.651637303,,,,,4.889936699,7.044753662,8.644902776,,0.675147312,,992.5710831,747.34344,245.2276431
4.946386449,7.039068952,,5.067042946,8.659906266,,,,,4.946386449,7.039068952,8.651695256,,0.671232648,,990.9698343,748.518308,242.4515263
5.013910337,7.03010107,,5.136236864,8.657974587,,,,,5.013910337,7.03010107,8.656290444,,0.666291596,,988.446421,749.3136426,239.1327784
5.071144875,7.049411164,,5.19673035,8.658045663,,,,,5.071144875,7.049411164,8.659791753,,0.674157839,,993.8839553,749.9199321,243.9640232
5.138213919,7.04649243,,5.257954486,8.644757705,,,,,5.138213919,7.04649243,8.65797691,,0.673235201,,993.0611113,749.6056417,243.4554696
5.194263416,7.047172569,,5.317697096,8.651366166,,,,,5.194263416,7.047172569,8.658042764,,0.673523711,,993.2528244,749.617045,243.6357794
5.261325434,7.045525175,,5.385976906,8.656936348,,,,,5.261325434,7.045525175,8.645130584,,0.675442178,,992.7885,747.3828282,245.4056718
5.327652068,7.031310705,,5.445461337,8.663629467,,,,,5.327652068,7.031310705,8.65217828,,0.66768409,,988.7866046,748.60189,240.1847147
5.383273516,7.038312251,,5.573188408,8.669763402,,,,,5.383273516,7.038312251,8.656715808,,0.669859428,,990.7567868,749.3872859,241.3695009
5.449874579,7.042959008,,5.633092269,8.668772264,,,,,5.449874579,7.042959008,8.663841408,,0.670452053,,992.0654318,750.6214794,241.4439524
5.51651473,7.03053233,,5.693015596,8.667774744,,,,,5.51651473,7.03053233,8.667041718,,0.664240232,,988.5676968,751.1761215,237.3915753
5.571884789,7.024856064,,5.761367884,8.667877979,,,,,5.571884789,7.024856064,8.669700797,,0.661140953,,986.9720544,751.6371191,235.3349353
5.637843142,7.037027318,,5.820449005,8.673400617,,,,,5.637843142,7.037027318,8.668693178,,0.666797463,,990.3950694,751.4624142,238.9326551
5.693263859,7.031341377,,5.881653219,8.66470503,,,,,5.693263859,7.031341377,8.667775119,,0.664448399,,988.7952311,751.3032551,237.4919759
5.759823091,7.025606043,,5.949076453,8.671048767,,,,,5.759823091,7.025606043,8.667875646,,0.661860952,,987.1828053,751.3206821,235.8621232
5.826009707,7.026243901,,6.010347018,8.663422992,,,,,5.826009707,7.026243901,8.672610581,,0.66114998,,987.3620672,752.1417428,235.2203244
5.94731805,7.027419762,,6.068390259,8.675423345,,,,,5.94731805,7.027419762,8.670883322,,0.662040765,,987.6925702,751.8421758,235.8503943
6.068000365,7.036329821,,6.13723107,8.675055917,,,,,6.068000365,7.036329821,8.675342735,,0.665094202,,990.1987471,752.6157158,237.5830313
6.135454859,7.025468359,,6.197839923,8.672954499,,,,,6.135454859,7.025468359,8.675065397,,0.660284017,,987.1441133,752.5675964,234.5765168
6.324977152,7.018873468,,6.258376533,8.671761658,,,,,6.324977152,7.018873468,8.676965758,,0.656917995,,985.2916953,752.8973477,232.3943476
7.058913123,6.985772744,,6.318180338,8.676247063,,,,,7.058913123,6.985772744,8.684011042,,0.640426364,,976.0204166,754.1204777,221.8999389
7.3189447,6.986103059,,6.385946477,8.683412653,,,,,7.3189447,6.986103059,8.689520728,,0.639370851,,976.1127191,755.0777049,221.0350142
7.378616465,6.987857008,,6.445542912,8.687966056,,,,,7.378616465,6.987857008,8.682577578,,0.641686897,,976.6029113,753.871534,222.7313773
7.443894972,6.972031538,,6.508527941,8.679368164,,,,,7.443894972,6.972031538,8.692551745,,0.632272543,,972.1844753,755.6045584,216.5799169
7.513175213,6.982647167,,6.570896897,8.676663718,,,,,7.513175213,6.982647167,8.68630243,,0.638501611,,975.1472293,754.518499,220.6287303
7.56286315,6.982592635,,6.629493907,8.6877645,,,,,7.56286315,6.982592635,8.690539751,,0.637546048,,975.1319982,755.2548117,219.8771865
7.637396629,6.982510537,,6.69960369,8.688648002,,,,,7.637396629,6.982510537,8.690489421,,0.637519651,,975.109068,755.2460638,219.8630042
7.68708667,6.982455603,,6.761801345,8.687249537,,,,,7.68708667,6.982455603,8.694777125,,0.636549967,,975.093725,755.9914926,219.1022324
7.763311732,7.07790842,,6.823293604,8.691349997,,,,,7.763311732,7.07790842,8.677407325,,0.683193302,,1001.935752,752.9739789,248.9617732
7.824727939,7.161325691,,6.877167672,8.691013401,,,,,7.824727939,7.161325691,8.694489184,,0.716539236,,1025.691713,755.9414217,269.7502913
7.873275954,7.188838615,,6.950501102,8.686025375,,,,,7.873275954,7.188838615,8.693832133,,0.728686868,,1033.588013,755.8271716,277.7608411
7.945562155,7.2416314,,7.069496115,8.683814406,,,,,7.945562155,7.2416314,8.692382154,,0.751856265,,1048.824507,755.5750752,293.2494315
8.015891457,7.273789767,,7.129860823,8.694698124,,,,,8.015891457,7.273789767,8.681696212,,0.767655976,,1058.160351,753.7184912,304.4418602
8.076887108,7.279619301,,7.194943839,8.692373453,,,,,8.076887108,7.279619301,8.687567516,,0.769084929,,1059.857143,754.7382935,305.1188499
8.137429746,7.309400477,,7.259941152,8.691130354,,,,,8.137429746,7.309400477,8.692407168,,0.780956379,,1068.546707,755.5794237,312.9672831
8.196731053,7.342114353,,7.31719405,8.689724426,,,,,8.196731053,7.342114353,8.687523812,,0.795767877,,1078.132863,754.7306998,323.4021636
8.256574729,7.349802092,,7.386663996,8.681641202,,,,,8.256574729,7.349802092,8.682836151,,0.799854978,,1080.391816,753.9164362,326.4753796
8.313059405,7.254311191,,7.438635253,8.693098878,,,,,8.313059405,7.254311191,8.640549149,,0.766784175,,1052.500617,746.5908959,305.9097213
8.376153773,7.197237368,,7.508117467,8.685871112,,,,,8.376153773,7.197237368,8.630004878,,0.744347716,,1036.004515,744.7698419,291.2346727
8.446341504,7.173050817,,7.564650966,8.690692214,,,,,8.446341504,7.173050817,8.63127347,,0.733736598,,1029.05316,744.9888171,284.0643433
8.50842809,7.162557466,,7.633349467,8.690140195,,,,,8.50842809,7.162557466,8.634004109,,0.728706673,,1026.044589,745.4602696,280.5843194
8.563206603,7.146434784,,7.689745066,8.695006516,,,,,8.563206603,7.146434784,8.633247631,,0.721892682,,1021.430602,745.3296465,276.1009559
8.63380287,7.128886634,,7.757863288,8.67575103,,,,,8.63380287,7.128886634,8.642024279,,0.712604174,,1016.420493,746.8458365,269.5746562
8.691040835,7.08763163,,7.819725835,8.694556882,,,,,8.691040835,7.08763163,8.640993364,,0.694810507,,1004.690442,746.6676632,258.0227792
8.761705697,7.068330541,,7.881174409,8.693725235,,,,,8.761705697,7.068330541,8.684962016,,0.67738301,,999.2259328,754.2856523,244.9402806
8.825322123,7.042133167,,7.942639669,8.692888116,,,,,8.825322123,7.042133167,8.719465136,,0.658335368,,991.8327908,760.2907226,231.5420681
8.887559535,7.042765853,,8.010358872,8.681164084,,,,,8.887559535,7.042765853,8.733879646,,0.655507117,,992.0110173,762.8065367,229.2044806
8.940954597,7.056805754,,8.071073959,8.687003709,,,,,8.940954597,7.056805754,8.739124876,,0.660759647,,995.9701489,763.7230359,232.247113
9.011908002,7.045390658,,8.131673656,8.692881171,,,,,9.011908002,7.045390658,8.735910662,,0.656261619,,992.7505904,763.161351,229.5892394
9.07729165,7.094233811,,8.198791025,8.687354177,,,,,9.07729165,7.094233811,8.739491531,,0.677613878,,1006.563067,763.7871222,242.7759451
9.139678385,7.137324706,,8.253640243,8.685033041,,,,,9.139678385,7.137324706,8.742738758,,0.696255924,,1018.828079,764.3548099,254.4732693
9.199896073,7.144171963,,8.317287577,8.637383746,,,,,9.199896073,7.144171963,8.743145444,,0.699226515,,1020.783861,764.4259225,256.3579382
9.264413586,7.129188724,,8.378766788,8.629677337,,,,,9.264413586,7.129188724,8.740469006,,0.693089113,,1016.506637,763.9579844,252.5486527
9.323735745,7.141993789,,8.445674612,8.631244139,,,,,9.323735745,7.141993789,8.747381594,,0.697387995,,1020.161506,765.1668474,254.9946582
9.392695898,7.144989975,,8.512377156,8.634177794,,,,,9.392695898,7.144989975,8.74980812,,0.69822818,,1021.017635,765.5914215,255.4262135
9.442167107,7.13162509,,8.573232052,8.633064168,,,,,9.442167107,7.13162509,8.74918057,,0.692381965,,1017.201529,765.4816064,251.7199221
9.515530861,7.149347699,,8.626835504,8.642149769,,,,,9.515530861,7.149347699,8.748250667,,0.700491083,,1022.26345,765.3188973,256.9445531
9.579030693,7.145516987,,8.699793361,8.640835722,,,,,9.579030693,7.145516987,8.745123471,,0.699422008,,1021.16826,764.7718452,256.396415
9.640731912,7.178135329,,8.754959377,8.680934358,,,,,9.640731912,7.178135329,8.753800379,,0.712171895,,1030.512536,766.2902108,264.2223252
9.689722325,7.169618156,,8.815103808,8.716841523,,,,,9.689722325,7.169618156,8.754472944,,0.708252084,,1028.06849,766.4079652,261.6605248
9.76331861,7.158095624,,8.877685069,8.732909634,,,,,9.76331861,7.158095624,8.754580889,,0.703099492,,1024.766659,766.4268654,258.339794
9.829648462,7.17478953,,8.947994756,8.739816461,,,,,9.829648462,7.17478953,8.761040764,,0.70922285,,1029.552096,767.5583527,261.9937433
9.892127331,7.177293315,,9.002889481,8.73541752,,,,,9.892127331,7.177293315,8.765843321,,0.709364053,,1030.270787,768.4000912,261.8706955
9.94073399,7.173574356,,9.06826101,8.738992106,,,,,9.94073399,7.173574356,8.765814408,,0.707712659,,1029.203381,768.3950224,260.8083585
10.00732106,7.139932932,,9.133551916,8.742602915,,,,,10.00732106,7.139932932,8.760282681,,0.693807724,,1019.572846,767.4255266,252.147319
10.05869016,7.155662147,,9.18738279,8.743796512,,,,,10.05869016,7.155662147,8.771735624,,0.69849188,,1024.070015,769.4334585,254.6365567
10.13099516,7.157225663,,9.260724286,8.739980542,,,,,10.13099516,7.157225663,8.772530823,,0.699028648,,1024.517584,769.5729705,254.9446133
10.18988827,7.151123009,,9.313457972,8.746962488,,,,,10.18988827,7.151123009,8.77261198,,0.696274403,,1022.771206,769.5872095,253.1839963
10.26114825,7.220511577,,9.385484973,8.749899592,,,,,10.26114825,7.220511577,8.769650346,,0.727778489,,1042.715749,769.067672,273.6480768
10.32107613,7.319895286,,9.446442561,8.749126335,,,,,10.32107613,7.319895286,8.776340923,,0.770073543,,1071.61734,770.2416,301.3757399
10.36994568,7.174615906,,9.507273469,8.749140472,,,,,10.36994568,7.174615906,8.77546264,,0.706210254,,1029.502268,770.0874455,259.4148226
10.4477543,7.146770094,,9.564774244,8.742944265,,,,,10.4477543,7.146770094,8.778047168,,0.693188324,,1021.526456,770.5411208,250.9853347
10.51685757,7.141918557,,9.635163657,8.753703816,,,,,10.51685757,7.141918557,8.774631323,,0.691717247,,1020.140013,769.9415485,250.1984649
10.56198634,7.136930113,,9.684145355,8.75455324,,,,,10.56198634,7.136930113,8.778759606,,0.688605204,,1018.715429,770.6662021,248.0492267
10.62912296,7.121612228,,9.752281342,8.753572228,,,,,10.62912296,7.121612228,8.784964994,,0.680362876,,1014.347215,771.7560995,242.591115
10.70150452,7.168754003,,9.819095815,8.759678189,,,,,10.70150452,7.168754003,8.776340604,,0.703408437,,1027.820679,770.2415441,257.5791351
10.80742518,6.956552364,,9.866958454,8.765858292,,,,,10.80742518,6.956552364,8.771742951,,0.606876388,,967.8724158,769.434744,198.4376718
10.8756956,6.945885717,,9.94220534,8.765813533,,,,,10.8756956,6.945885717,8.776682702,,0.600623935,,964.9065679,770.3015924,194.6049754
10.95258756,7.045881539,,10.00727339,8.760271031,,,,,10.95258756,7.045881539,8.768821642,,0.649263812,,992.8889331,768.92233,223.9666031
11.06878068,7.14637924,,10.05397121,8.771683821,,,,,11.06878068,7.14637924,8.735175899,,0.701831248,,1021.414725,763.0329799,258.381745
11.12388374,7.147169124,,10.11785054,8.772385065,,,,,11.12388374,7.147169124,8.721083931,,0.70502763,,1021.64053,760.5730494,261.0674803
11.19023185,7.12871337,,10.18171444,8.773093242,,,,,11.19023185,7.12871337,8.667907739,,0.707478921,,1016.371086,751.3262458,265.0448406
11.25654026,7.127013171,,10.25430212,8.768819392,,,,,11.25654026,7.127013171,8.542149668,,0.730559577,,1015.886335,729.6832096,286.2031252
11.31105918,7.133201109,,10.31689078,8.776416142,,,,,11.31105918,7.133201109,8.540257446,,0.733522425,,1017.651161,729.3599724,288.2911888
11.3867197,7.151699605,,10.37016954,8.775458617,,,,,11.3867197,7.151699605,8.530135951,,0.743145818,,1022.936145,727.6321934,295.3039513
11.45185654,7.155988969,,10.4413211,8.778584604,,,,,11.45185654,7.155988969,8.520959913,,0.746578778,,1024.163563,726.0675783,298.0959843
11.50690676,7.146611365,,10.50337783,8.773400323,,,,,11.50690676,7.146611365,8.513788697,,0.743916062,,1021.48108,724.8459797,296.6351003
11.56148811,7.141947827,,10.55564343,8.778173335,,,,,11.56148811,7.141947827,8.526093467,,0.739765093,,1020.148375,726.9426982,293.2056771
11.62710632,7.136317791,,10.63388162,8.785404833,,,,,11.62710632,7.136317791,8.527595329,,0.737124754,,1018.540632,727.198821,291.3418112
11.68188983,7.13159761,,10.68623819,8.776764132,,,,,11.68188983,7.13159761,8.538956739,,0.733080357,,1017.193689,729.137822,288.0558673
11.81288442,7.126434775,,10.75586276,8.774832565,,,,,11.81288442,7.126434775,8.543864005,,0.730001832,,1015.721452,729.9761213,285.7453307
11.87796956,7.127196253,,10.8074384,8.771742158,,,,,11.87796956,7.127196253,8.534676812,,0.731996184,,1015.938529,728.4070828,287.5314459
11.93219354,7.127834643,,10.8757979,8.776690106,,,,,11.93219354,7.127834643,8.539802154,,0.731334887,,1016.120534,729.2822083,286.8383256
12.06412884,7.119200693,,10.93617694,8.770770135,,,,,12.06412884,7.119200693,8.536467877,,0.728287602,,1013.66037,728.7128381,284.947532
12.12048299,7.108813935,,11.00537774,8.76255367,,,,,12.12048299,7.108813935,8.540569362,,0.723131856,,1010.704711,729.4132503,281.291461
12.18470284,7.115978663,,11.0584562,8.737450325,,,,,12.18470284,7.115978663,8.538150278,,0.726615179,,1012.743047,729.0001017,283.7429451
12.3080504,7.101958861,,11.1194392,8.724016114,,,,,12.3080504,7.101958861,8.538807363,,0.720545105,,1008.756393,729.1123118,279.6440814
12.5668152,7.075583289,,11.1826281,8.68232873,,,,,12.5668152,7.075583289,8.534640664,,0.710093874,,1001.277578,728.4009127,272.8766648
12.70294562,7.065631222,,11.26165487,8.532449475,,,,,12.70294562,7.065631222,8.543045103,,0.704261438,,998.4628913,729.8361964,268.6266949
12.81418688,7.073983535,,11.31341574,8.540629882,,,,,12.81418688,7.073983535,8.541997149,,0.708031215,,1000.824861,729.6571529,271.1677083
12.87355338,7.062498814,,11.37543103,8.531759724,,,,,12.87355338,7.062498814,8.545786816,,0.702400121,,997.5777901,730.304723,267.2730671
12.93908306,7.074409337,,11.43761576,8.522815014,,,,,12.93908306,7.074409337,8.530379932,,0.710389825,,1000.945349,727.6738178,273.2715316
13.05797562,7.05792294,,11.50874473,8.51354927,,,,,13.05797562,7.05792294,8.544763839,,0.700632629,,996.2855244,730.1298906,266.1556338
13.12260105,7.077307482,,11.56817975,8.527684971,,,,,13.12260105,7.077307482,8.541723992,,0.709502374,,1001.765624,729.6104876,272.1551364
13.18186018,7.072505704,,11.62072159,8.526271215,,,,,13.18186018,7.072505704,8.532905855,,0.709106338,,1000.406739,728.1048233,272.3019155
13.26587611,7.063951954,,11.68853962,8.540335822,,,,,13.26587611,7.063951954,8.534879302,,0.705084825,,997.9883441,728.441647,269.546697
13.30993173,7.075963449,,11.75835559,8.539499771,,,,,13.30993173,7.075963449,8.527286749,,0.71162812,,1001.385175,727.146193,274.2389817
13.37416423,7.060337749,,11.80991022,8.544346467,,,,,13.37416423,7.060337749,8.531759031,,0.704128695,,996.9673827,727.9091216,269.0582611
13.43314263,7.062224121,,11.87263087,8.534172189,,,,,13.43314263,7.062224121,8.529786968,,0.705305365,,997.5001907,727.5726572,269.9275335
13.51668205,7.063253865,,11.93272045,8.539851958,,,,,13.51668205,7.063253865,8.529272502,,0.705841478,,997.7911031,727.4848941,270.306209
13.55640517,7.054808998,,12.01262079,8.532719094,,,,,13.55640517,7.054808998,8.538864487,,0.700419219,,995.4065999,729.1220672,266.2845327
13.62083272,7.046363517,,12.12505261,8.540901941,,,,,13.62083272,7.046363517,8.530441457,,0.698401786,,993.0247761,727.6843146,265.3404616
13.68844628,7.063472387,,12.18703734,8.538042588,,,,,13.68844628,7.063472387,8.54248924,,0.703442404,,997.8528432,729.7412241,268.1116191
13.81361853,7.245510462,,12.26081775,8.522386429,,,,,13.81361853,7.245510462,8.525802515,,0.783091828,,1049.948437,726.8930852,323.055352
13.86860708,7.259115967,,12.31008361,8.539514228,,,,,13.86860708,7.259115967,8.543685377,,0.78571803,,1053.895292,729.9455982,323.9496942
14.06149895,7.320299923,,12.3709918,8.544015124,,,,,14.06149895,7.320299923,8.524571772,,0.814212869,,1071.735819,726.6832389,345.0525804
14.12108614,7.352901813,,12.43181592,8.548553013,,,,,14.12108614,7.352901813,8.530194073,,0.826715934,,1081.303301,727.6421093,353.6611922
14.18101241,7.359828347,,12.51260587,8.544693594,,,,,14.18101241,7.359828347,8.514729903,,0.832023494,,1083.341466,725.0062533,358.3352126
14.24320379,7.314782529,,12.560546,8.533399331,,,,,14.24320379,7.314782529,8.464702273,,0.821540891,,1070.120869,716.5118458,353.6090232
14.30618997,7.232732374,,12.6201898,8.545209105,,,,,14.30618997,7.232732374,8.431229009,,0.793460133,,1046.248352,710.856226,335.3921258
14.37563656,7.208753482,,12.68404897,8.541645283,,,,,14.37563656,7.208753482,8.409397817,,0.787221385,,1039.322535,707.1797165,332.1428189
14.51611988,7.161905557,,12.76337829,8.547521818,,,,,14.51611988,7.161905557,8.409447205,,0.768113424,,1025.857824,707.1880229,318.6698014
14.56410879,7.134884934,,12.81087602,8.5417858,,,,,14.56410879,7.134884934,8.422819119,,0.754798522,,1018.131661,709.4388191,308.6928414
14.61932166,7.11864055,,12.87366364,8.545793854,,,,,14.61932166,7.11864055,8.421046603,,0.748413307,,1013.500866,709.1402589,304.3606067
14.69158027,7.074171353,,12.93377121,8.529737292,,,,,14.69158027,7.074171353,8.422082664,,0.729858707,,1000.878007,709.314764,291.5632427
14.74683248,7.055111109,,13.05829727,8.544802753,,,,,14.74683248,7.055111109,8.441830937,,0.718433909,,995.4918552,712.6450956,282.8467596
14.81054462,7.028542328,,13.12500616,8.541608839,,,,,14.81054462,7.028542328,8.474391216,,0.701334504,,988.0081451,718.1530648,269.8550803
14.87109292,7.0560643,,13.18456569,8.532491707,,,,,14.87109292,7.0560643,8.505334602,,0.707254434,,995.7608681,723.4071669,272.3537011
14.93461208,7.120913291,,13.25847614,8.536154616,,,,,14.93461208,7.120913291,8.514609144,,0.732971872,,1014.148122,724.9856888,289.1624332
15.01698788,7.135266262,,13.3102244,8.527236311,,,,,15.01698788,7.135266262,8.512960502,,0.739302388,,1018.240492,724.7049652,293.5355273
15.0566379,7.127977299,,13.37596784,8.531886607,,,,,15.0566379,7.127977299,8.511846431,,0.736439126,,1016.161208,724.5152967,291.6459109
15.11854553,7.170328622,,13.43477154,8.529727149,,,,,15.11854553,7.170328622,8.512083548,,0.754143116,,1028.272251,724.5556633,303.7165877
15.18270615,7.1540627,,13.51301319,8.52838658,,,,,15.18270615,7.1540627,8.514928804,,0.746837739,,1023.612262,725.0401255,298.5721369
15.24724354,7.137691211,,13.55817108,8.539290903,,,,,15.24724354,7.137691211,8.515285917,,0.73990623,,1018.932716,725.1009425,293.8317739
15.30655202,7.150238588,,13.62205338,8.530269068,,,,,15.30655202,7.150238588,8.515371687,,0.74515657,,1022.518237,725.1155496,297.4026876
15.37041304,7.176236953,,13.68622341,8.54288729,,,,,15.37041304,7.176236953,8.51546404,,0.756021196,,1029.967536,725.1312782,304.8362579
15.4342317,7.166208691,,13.76288277,8.529159829,,,,,15.4342317,7.166208691,8.515556332,,0.751812557,,1027.09094,725.1469965,301.9439437
15.51276648,7.160645308,,13.80711259,8.523686713,,,,,15.51276648,7.160645308,8.515669906,,0.749464179,,1025.496825,725.1663395,300.3304851
15.56171532,7.152139783,,13.86977994,8.544066803,,,,,15.56171532,7.152139783,8.515740694,,0.745888325,,1023.06207,725.1783957,297.8836739
15.61925457,7.171025282,,13.93276777,8.542550767,,,,,15.61925457,7.171025282,8.515823905,,0.753780117,,1028.472072,725.1925679,303.2795042
15.68257915,7.167243674,,14.05891308,8.524325597,,,,,15.68257915,7.167243674,8.515915483,,0.752182522,,1027.387638,725.2081651,302.1794725
15.74598978,7.163437955,,14.12094343,8.5302309,,,,,15.74598978,7.163437955,8.518245058,,0.750180221,,1026.296867,725.6049887,300.6918782
15.80868606,7.165498587,,14.18441394,8.513852126,,,,,15.80868606,7.165498587,8.520995474,,0.750559033,,1026.8874,726.0736386,300.8137613
15.8781785,7.145608585,,14.26146271,8.449437336,,,,,15.8781785,7.145608585,8.519519577,,0.742477457,,1021.194441,725.8221382,295.3723028
15.9409631,7.148026707,,14.30576351,8.431363135,,,,,15.9409631,7.148026707,8.512015719,,0.744823349,,1021.885716,724.5441159,297.3416003
16.05945621,7.130011763,,14.3756083,8.409396383,,,,,16.05945621,7.130011763,8.530900095,,0.733869492,,1016.741355,727.7625643,288.9787906
16.12141833,7.138623085,,14.43214104,8.412264966,,,,,16.12141833,7.138623085,8.516710628,,0.740043625,,1019.198791,725.3435992,293.8551919
16.18318877,7.147288115,,14.49559529,8.402643783,,,,,16.18318877,7.147288115,8.536667153,,0.740118729,,1021.674548,728.7468608,292.9276873
16.26374928,7.128133512,,14.55713567,8.423042979,,,,,16.26374928,7.128133512,8.519945688,,0.735052271,,1016.205747,725.8947452,290.3110021
16.30918169,7.118726288,,14.61990813,8.421027775,,,,,16.30918169,7.118726288,8.51455612,,0.732060485,,1013.525279,724.9766592,288.54862
16.36997697,7.133516078,,14.68271752,8.419002543,,,,,16.36997697,7.133516078,8.541834213,,0.73336945,,1017.741033,729.6293172,288.1117154
16.4393725,7.126961848,,14.7434924,8.440123978,,,,,16.4393725,7.126961848,8.518941888,,0.734739346,,1015.871704,725.7237088,290.1479948
16.49793011,7.126566658,,14.87920723,8.509481445,,,,,16.49793011,7.126566658,8.512260911,,0.735771953,,1015.759047,724.5858582,291.1731885
16.56504379,7.111059217,,14.94013165,8.515119979,,,,,16.56504379,7.111059217,8.526492418,,0.726661686,,1011.343264,727.0107296,284.3325342
16.62291597,7.116400977,,15.06493782,8.511613223,,,,,16.62291597,7.116400977,8.512679586,,0.731419323,,1012.863257,724.6571373,288.2061199
16.69171844,7.116598647,,15.12086302,8.51210388,,,,,16.69171844,7.116598647,8.527494582,,0.728821269,,1012.919526,727.1816385,285.7378875
16.74832802,7.106311866,,15.18866963,8.51520121,,,,,16.74832802,7.106311866,8.524218657,,0.725068456,,1009.993367,726.6230371,283.3703297
16.81632935,7.113078617,,15.69323803,8.515930898,,,,,16.81632935,7.113078617,8.520177226,,0.728663117,,1011.917748,725.9341996,285.9835486
16.87308833,7.124184872,,15.81388807,8.52122368,,,,,16.87308833,7.124184872,8.513105678,,0.734618861,,1015.080202,724.7296828,290.3505189
16.94017089,7.115282553,,15.87261147,8.520203555,,,,,16.94017089,7.115282553,8.520317804,,0.729567817,,1012.544916,725.9581549,286.5867613
17.19560711,7.084628503,,15.94022791,8.511896032,,,,,17.19560711,7.084628503,8.52698207,,0.715368714,,1003.839221,727.0942321,276.7449884
17.3062115,7.073748505,,16.05842045,8.531137287,,,,,17.3062115,7.073748505,8.518298724,,0.712356399,,1000.758358,725.6141316,275.1442266
17.3725072,7.078453581,,16.12347773,8.51623902,,,,,17.3725072,7.078453581,8.524366718,,0.713229755,,1002.090102,726.6482794,275.4418225
17.43874139,7.064256767,,16.18238562,8.536851667,,,,,17.43874139,7.064256767,8.515659704,,0.708813962,,998.0744733,725.164602,272.9098713
17.49396284,7.071334704,,16.24767106,8.521853019,,,,,17.49396284,7.071334704,8.517511395,,0.711477282,,1000.07549,725.4800037,274.5954863
17.55964907,7.08288321,,16.31212969,8.514206404,,,,,17.55964907,7.08288321,8.519713992,,0.715971445,,1003.344691,725.8552651,277.4894261
17.6256187,7.076162301,,16.3693507,8.542054309,,,,,17.6256187,7.076162301,8.534058818,,0.7104495,,1001.441458,728.301599,273.1398592
17.69172404,7.069415474,,16.4330295,8.519675091,,,,,17.69172404,7.069415474,8.530688117,,0.708204012,,999.5327029,727.7263975,271.8063053
17.74691637,7.063773152,,16.49767986,8.512201993,,,,,17.74691637,7.063773152,8.515376497,,0.708661114,,997.9378229,725.1163689,272.821454
17.81274455,7.064135237,,16.56173391,8.527282414,,,,,17.81274455,7.064135237,8.520544707,,0.707851548,,998.0401328,725.9968211,272.0433118
17.87853616,7.064848534,,16.62500583,8.512180782,,,,,17.87853616,7.064848534,8.526665184,,0.707010646,,998.2416962,727.0401916,271.2015046
17.93335153,7.065445045,,16.68871781,8.527668226,,,,,17.93335153,7.065445045,8.531811284,,0.706299621,,998.4102738,727.9180379,270.4922359
18.06615681,7.055282435,,16.81473645,8.520375684,,,,,18.06615681,7.055282435,8.519800964,,0.704220213,,995.5402047,725.8700846,269.6701201
18.12052188,7.062084402,,16.87745472,8.512561673,,,,,18.12052188,7.062084402,8.531659532,,0.704893448,,997.4607221,727.8921436,269.5685785
18.18779733,7.051257136,,16.93979988,8.520295021,,,,,18.18779733,7.051257136,8.529036002,,0.700761944,,994.404544,727.4445513,266.9599927
18.24442514,7.039026431,,17.06370635,8.52790394,,,,,18.24442514,7.039026431,8.526374042,,0.696033293,,990.9578619,726.990543,263.9673189
18.30909354,7.053932667,,17.1254582,8.527474456,,,,,18.30909354,7.053932667,8.530438194,,0.70164073,,995.1593215,727.6837578,267.4755637
18.37612813,7.050671057,,17.18721822,8.527041381,,,,,18.37612813,7.050671057,8.537549294,,0.698895997,,994.239247,728.8974794,265.3417675
18.43252243,7.04479543,,17.24898651,8.526604667,,,,,18.43252243,7.04479543,8.523839793,,0.698982659,,992.5828531,726.5584482,266.0244049
18.51032155,7.045281488,,17.31106546,8.517594194,,,,,18.51032155,7.045281488,8.525927336,,0.698795108,,992.719825,726.9143693,265.8054556
18.55583406,7.041938214,,17.37176102,8.52447428,,,,,18.55583406,7.041938214,8.527328309,,0.697098615,,991.7778763,727.1532809,264.6245953
18.62590194,7.027583313,,17.43401052,8.515501069,,,,,18.62590194,7.027583313,8.524299479,,0.691524714,,987.7385443,726.636816,261.1017283
18.68213155,7.028028661,,17.56478758,8.519886297,,,,,18.68213155,7.028028661,8.531923446,,0.690253555,,987.8637373,727.9371769,259.9265604
18.74884068,7.032308009,,17.62404366,8.53410073,,,,,18.74884068,7.032308009,8.536668494,,0.691180953,,989.0671185,728.7470897,260.3200288
18.81885096,7.025661412,,17.68529838,8.532470743,,,,,18.81885096,7.025661412,8.532418022,,0.689140602,,987.1983655,728.0215731,259.1767924
18.87455163,7.032449409,,17.74900414,8.514797302,,,,,18.87455163,7.032449409,8.535409166,,0.691483822,,989.1068938,728.5320963,260.5747976
18.93013607,7.039259604,,17.80939653,8.520233692,,,,,18.93013607,7.039259604,8.52622958,,0.69616063,,991.0235155,726.9659085,264.057607
19.01483037,7.021021299,,17.8696695,8.525832776,,,,,19.01483037,7.021021299,8.53093511,,0.687430385,,985.8948016,727.7685385,258.1262631
19.05981591,7.0278887,,17.93842577,8.532287657,,,,,19.05981591,7.0278887,8.534400909,,0.689716696,,987.8243917,728.3599887,259.464403
19.1194791,7.023009752,,18.06354953,8.519232241,,,,,19.1194791,7.023009752,8.53150776,,0.688175442,,986.4533196,727.8662466,258.587073
19.31816062,7.028503556,,18.12247228,8.53208497,,,,,19.31816062,7.028503556,8.52385254,,0.692004886,,987.9972447,726.5606213,261.4366234
19.3677492,7.022949723,,18.18453995,8.529189125,,,,,19.3677492,7.022949723,8.535223051,,0.68743244,,986.4364563,728.5003252,257.936131
19.76022956,7.139741056,,18.24666318,8.526268836,,,,,19.76022956,7.139741056,8.531724792,,0.737825137,,1019.518047,727.9032793,291.6147677
19.8105316,7.189509054,,18.30779715,8.530300671,,,,,19.8105316,7.189509054,8.534334026,,0.758274073,,1033.780809,728.3485727,305.4322361
19.87426936,7.211306808,,18.37695898,8.537637431,,,,,19.87426936,7.211306808,8.529069311,,0.768300701,,1040.058917,727.4502331,312.6086844
19.93751547,7.233242313,,18.43362339,8.523566401,,,,,19.93751547,7.233242313,8.531652062,,0.776998033,,1046.395887,727.890869,318.5050181
20.01589146,7.273789767,,18.56660033,8.527659718,,,,,20.01589146,7.273789767,8.534082065,,0.793430034,,1058.160351,728.3055669,329.8547845
20.06919411,7.270362339,,18.63060212,8.524033149,,,,,20.06919411,7.270362339,8.534328785,,0.791967598,,1057.163371,728.347678,328.8156927
20.13742975,7.309400477,,18.6823379,8.531955042,,,,,20.13742975,7.309400477,8.527954407,,0.809169161,,1068.546707,727.2600636,341.2866432
20.18244074,7.320955044,,18.76181437,8.537588018,,,,,20.18244074,7.320955044,8.525095451,,0.814397497,,1071.927655,726.7725244,345.1551306
20.26012259,7.252444161,,18.80938269,8.531820947,,,,,20.26012259,7.252444161,8.461787228,,0.796561667,,1051.958926,716.0184309,335.9404952
20.30656412,7.221256346,,18.87226696,8.53578647,,,,,20.30656412,7.221256346,8.442469289,,0.786949885,,1042.930864,712.752877,330.1779872
20.36996461,7.16409675,,18.94003612,8.524594619,,,,,20.36996461,7.16409675,8.422524738,,0.766839984,,1026.485645,709.3892296,317.0964153
20.43338451,7.12967411,,19.05720653,8.534527441,,,,,20.43338451,7.12967411,8.423804346,,0.752487631,,1016.645058,709.6047966,307.0402617
20.50306111,7.128666786,,19.12401987,8.531287572,,,,,20.50306111,7.128666786,8.424771753,,0.751908634,,1016.357803,709.7677909,306.5900121
20.62231597,7.054450411,,19.19089985,8.528018382,,,,,20.62231597,7.054450411,8.432446109,,0.719832892,,995.3054119,711.0614739,284.243938
20.69321198,7.033787963,,19.24508899,8.533705745,,,,,20.69321198,7.033787963,8.43766987,,0.710263991,,989.483462,711.9427284,277.5407336
20.94306446,7.029836111,,19.31653589,8.523479994,,,,,20.94306446,7.029836111,8.52609573,,0.692147345,,988.3719151,726.9430841,261.428831
21.00953631,7.072148726,,19.3696303,8.535654381,,,,,21.00953631,7.072148726,8.522777412,,0.710844696,,1000.305752,726.3773482,273.928404
21.05816318,7.051138466,,19.43524632,8.54036074,,,,,21.05816318,7.051138466,8.533339241,,0.699895997,,994.3710734,728.178786,266.1922874
21.12314348,7.100050137,,19.57058853,8.522407838,,,,,21.12314348,7.100050137,8.526932247,,0.721920867,,1008.214239,727.0857354,281.1285036
21.18918139,7.119235788,,19.63493531,8.534948294,,,,,21.18918139,7.119235788,8.526211207,,0.730168499,,1013.670364,726.9627754,286.7075887
21.26350099,7.092217683,,19.68616842,8.532028161,,,,,21.26350099,7.092217683,8.521274297,,0.719641105,,1005.991033,726.1211564,279.8698769
21.38227932,7.079916327,,19.75656138,8.531496894,,,,,21.38227932,7.079916327,8.526370016,,0.713479687,,1002.504304,726.9898565,275.5144475
21.43704564,7.079488604,,19.80696664,8.534628491,,,,,21.43704564,7.079488604,8.524781256,,0.713592703,,1002.383178,726.7189546,275.6642233
21.51660806,7.113100778,,19.88275646,8.528368279,,,,,21.51660806,7.113100778,8.523557278,,0.72805884,,1011.924053,726.5102866,285.4137668
21.57035263,7.118150523,,19.9331252,8.531515944,,,,,21.57035263,7.118150523,8.523233981,,0.730249952,,1013.361338,726.4551749,286.9061626
21.61976472,7.109515199,,20.0583502,8.535398474,,,,,21.61976472,7.109515199,8.521493981,,0.726919105,,1010.904127,726.1585966,284.7455307
21.76215415,7.107454984,,20.12727614,8.528599332,,,,,21.76215415,7.107454984,8.52541169,,0.725334266,,1010.318327,726.8264449,283.491882
21.8214849,7.094780151,,20.18363624,8.525019516,,,,,21.8214849,7.094780151,8.518885414,,0.721164375,,1006.718108,725.714087,281.0040207
21.87054847,7.090255624,,20.26122997,8.460871742,,,,,21.87054847,7.090255624,8.52302783,,0.718487037,,1005.434496,726.4200339,279.0144623
21.95449754,7.074015276,,20.30545685,8.442817614,,,,,21.95449754,7.074015276,8.524353144,,0.711345337,,1000.833843,726.6459652,274.1878774
22.01800999,7.078660131,,20.37518419,8.420882758,,,,,22.01800999,7.078660131,8.529248894,,0.71241035,,1002.148585,727.480867,274.667718
22.0669164,7.079678756,,20.43162242,8.423777011,,,,,22.0669164,7.079678756,8.529020484,,0.712886226,,1002.437026,727.4419042,274.9951217
22.14024751,7.081212137,,20.50067176,8.424848158,,,,,22.14024751,7.081212137,8.528829399,,0.713573958,,1002.871307,727.4093092,275.4619974
22.18559322,7.065083789,,20.56341126,8.422841908,,,,,22.18559322,7.065083789,8.533564132,,0.70581587,,998.3081788,728.2171679,270.0910109
22.25899334,7.067615878,,20.61908251,8.432549065,,,,,22.25899334,7.067615878,8.535861282,,0.706465101,,999.023884,728.6092783,270.4146058
22.32865681,7.059850451,,20.68178622,8.430552532,,,,,22.32865681,7.059850451,8.533536383,,0.703585296,,996.8297677,728.212432,268.6173357
22.38782733,7.05923329,,20.75285049,8.474819908,,,,,22.38782733,7.05923329,8.533597159,,0.703310018,,996.6554928,728.2228048,268.432688
22.44700905,7.05861399,,20.8084863,8.525692661,,,,,22.44700905,7.05861399,8.538247492,,0.702165729,,996.4806293,729.0167023,267.463927
22.5168648,7.052705082,,20.86932056,8.531370866,,,,,22.5168648,7.052705082,8.528630202,,0.701457665,,994.8129795,727.3753312,267.4376483
22.57560934,7.058771787,,20.93812016,8.526396941,,,,,22.57560934,7.058771787,8.532767906,,0.703269285,,996.5251829,728.0812813,268.4439015
22.63196295,7.046795211,,21.00690727,8.522206379,,,,,22.63196295,7.046795211,8.533473528,,0.6980104,,993.1464548,728.2017045,264.9447504
22.70154148,7.046850027,,21.06651219,8.535152657,,,,,22.70154148,7.046850027,8.546672214,,0.695512997,,993.1619062,730.4560593,262.7058469
22.75816987,7.035735744,,21.13047,8.525868754,,,,,22.75816987,7.035735744,8.534378577,,0.693093588,,990.0315491,728.3561769,261.6753722
22.8272642,7.043629918,,21.18626754,8.526415579,,,,,22.8272642,7.043629918,8.541254132,,0.695167331,,992.2544485,729.5302216,262.724227
22.88366899,7.037953795,,21.26212684,8.521094949,,,,,22.88366899,7.037953795,8.53825881,,0.69330252,,990.6558724,729.0186351,261.6372373
22.95120845,7.027426752,,21.31695307,8.528250582,,,,,22.95120845,7.027426752,8.541178085,,0.688209769,,987.694535,729.5172307,258.1773042
23.00780448,7.022586209,,21.38011349,8.526432846,,,,,23.00780448,7.022586209,8.535048984,,0.687309535,,986.3343412,728.4706116,257.8637296
23.07512162,7.019620092,,21.44330929,8.524599549,,,,,23.07512162,7.019620092,8.539107985,,0.685244773,,985.5013247,729.1636518,256.3376729
23.12033118,7.023864803,,21.50643076,8.523523299,,,,,23.12033118,7.023864803,8.545286622,,0.685876491,,986.6935355,730.2192344,256.474301
23.1988075,7.017273144,,21.55731254,8.523693175,,,,,23.1988075,7.017273144,8.547274428,,0.682640114,,984.8424475,730.5590015,254.283446
23.26614387,7.016105543,,21.62803447,8.521202769,,,,,23.26614387,7.016105543,8.547355791,,0.682119015,,984.5147398,730.5729102,253.9418296
23.32196137,7.023069647,,21.69881072,8.51868846,,,,,23.32196137,7.023069647,8.539410427,,0.686673815,,986.4701452,729.2153044,257.2548408
23.38876237,7.027678219,,21.76062999,8.525662657,,,,,23.38876237,7.027678219,8.545479793,,0.687484989,,987.7652231,730.252249,257.5129741
23.44439954,7.015763122,,21.80846516,8.517786163,,,,,23.44439954,7.015763122,8.537511234,,0.683890803,,984.4186438,728.8909807,255.5276631
23.51134917,7.002694004,,21.87799855,8.523656837,,,,,23.51134917,7.002694004,8.544929223,,0.676785627,,980.7544663,730.1581543,250.596312
23.5776457,7.014800672,,21.93671003,8.522641963,,,,,23.5776457,7.014800672,8.543222758,,0.682362299,,984.1485693,729.866551,254.2820183
23.63320358,7.009088533,,22.00597264,8.529305113,,,,,23.63320358,7.009088533,8.541781324,,0.680173606,,982.5464413,729.6202819,252.9261594
23.82221228,6.997684381,,22.07244443,8.528994666,,,,,23.82221228,6.997684381,8.544554453,,0.674686118,,979.3517338,730.094108,249.2576259
23.87760142,6.998171311,,22.11972712,8.52668678,,,,,23.87760142,6.998171311,8.535568091,,0.676667125,,979.4880341,728.5592264,250.9288076
23.93151097,7.017726306,,22.19643813,8.534696494,,,,,23.93151097,7.017726306,8.539744267,,0.684303927,,984.9696502,729.2723215,255.6973288
,,,22.26264594,8.535929294,,,,,,,,,,,,,
,,,22.31801618,8.53392432,,,,,,,,,,,,,
,,,22.37342043,8.531904387,,,,,,,,,,,,,
,,,22.43854479,8.539556325,,,,,,,,,,,,,
,,,22.51187795,8.528216776,,,,,,,,,,,,,
,,,22.56639743,8.532736617,,,,,,,,,,,,,
,,,22.62983807,8.532952097,,,,,,,,,,,,,
,,,22.69333546,8.548533955,,,,,,,,,,,,,
,,,22.75659387,8.534182191,,,,,,,,,,,,,
,,,22.81887607,8.54194324,,,,,,,,,,,,,
,,,22.87240062,8.537546055,,,,,,,,,,,,,
,,,22.94352516,8.542044875,,,,,,,,,,,,,
,,,23.00608493,8.534987194,,,,,,,,,,,,,
,,,23.05884051,8.536882901,,,,,,,,,,,,,
,,,23.1374246,8.547622721,,,,,,,,,,,,,
,,,23.19899433,8.547273368,,,,,,,,,,,,,
,,,23.26039254,8.548174467,,,,,,,,,,,,,
,,,23.3222648,8.539367234,,,,,,,,,,,,,
,,,23.38274652,8.546341405,,,,,,,,,,,,,
,,,23.4448019,8.537453607,,,,,,,,,,,,,
,,,23.505083,8.545090459,,,,,,,,,,,,,
,,,23.5749399,8.54329296,,,,,,,,,,,,,
,,,23.6360962,8.541706276,,,,,,,,,,,,,
,,,23.69728234,8.540106468,,,,,,,,,,,,,
,,,23.75835559,8.539499771,,,,,,,,,,,,,
,,,23.81849525,8.545157505,,,,,,,,,,,,,
,,,23.88122149,8.534980769,,,,,,,,,,,,,
,,,23.94986963,8.541483228,,,,,,,,,,,,,
